Id,OrderId,ProductId,Quantity
aaaa0001-aaaa-aaaa-aaaa-aaaaaaaaaaaa,10000000-0000-0000-0000-000000000001,11111111-1111-1111-1111-111111111111,5
aaaa0002-aaaa-aaaa-aaaa-aaaaaaaaaaaa,10000000-0000-0000-0000-000000000001,22222222-2222-2222-2222-222222222222,10
aaaa0003-aaaa-aaaa-aaaa-aaaaaaaaaaaa,10000000-0000-0000-0000-000000000002,33333333-3333-3333-3333-333333333333,1
aaaa0004-aaaa-aaaa-aaaa-aaaaaaaaaaaa,10000000-0000-0000-0000-000000000003,44444444-4444-4444-4444-444444444444,50
aaaa0005-aaaa-aaaa-aaaa-aaaaaaaaaaaa,10000000-0000-0000-0000-000000000004,55555555-5555-5555-5555-555555555555,1
aaaa0006-aaaa-aaaa-aaaa-aaaaaaaaaaaa,10000000-0000-0000-0000-000000000005,66666666-6666-6666-6666-666666666666,100
aaaa0007-aaaa-aaaa-aaaa-aaaaaaaaaaaa,10000000-0000-0000-0000-000000000005,77777777-7777-7777-7777-777777777777,20
aaaa0008-aaaa-aaaa-aaaa-aaaaaaaaaaaa,10000000-0000-0000-0000-000000000006,88888888-8888-8888-8888-888888888888,2
aaaa0009-aaaa-aaaa-aaaa-aaaaaaaaaaaa,10000000-0000-0000-0000-000000000007,99999999-9999-9999-9999-999999999999,500
aaaa0010-aaaa-aaaa-aaaa-aaaaaaaaaaaa,10000000-0000-0000-0000-000000000008,aaaaaaaa-aaaa-aaaa-aaaa-aaaaaaaaaaaa,1
aaaa0011-aaaa-aaaa-aaaa-aaaaaaaaaaaa,10000000-0000-0000-0000-000000000009,bbbbbbbb-bbbb-bbbb-bbbb-bbbbbbbbbbbb,5
aaaa0012-aaaa-aaaa-aaaa-aaaaaaaaaaaa,10000000-0000-0000-0000-000000000009,cccccccc-cccc-cccc-cccc-cccccccccccc,2
aaaa0013-aaaa-aaaa-aaaa-aaaaaaaaaaaa,10000000-0000-0000-0000-000000000009,dddddddd-dddd-dddd-dddd-dddddddddddd,1
aaaa0014-aaaa-aaaa-aaaa-aaaaaaaaaaaa,10000000-0000-0000-0000-000000000010,eeeeeeee-eeee-eeee-eeee-eeeeeeeeeeee,1
aaaa0015-aaaa-aaaa-aaaa-aaaaaaaaaaaa,10000000-0000-0000-0000-000000000011,ffffffff-ffff-ffff-ffff-ffffffffffff,24
aaaa0016-aaaa-aaaa-aaaa-aaaaaaaaaaaa,10000000-0000-0000-0000-000000000012,12341234-1234-1234-1234-123456789012,1
aaaa0017-aaaa-aaaa-aaaa-aaaaaaaaaaaa,10000000-0000-0000-0000-000000000013,23452345-2345-2345-2345-234567890123,10
aaaa0018-aaaa-aaaa-aaaa-aaaaaaaaaaaa,10000000-0000-0000-0000-000000000013,34563456-3456-3456-3456-345678901234,5
aaaa0019-aaaa-aaaa-aaaa-aaaaaaaaaaaa,10000000-0000-0000-0000-000000000014,45674567-4567-4567-4567-456789012345,1
aaaa0020-aaaa-aaaa-aaaa-aaaaaaaaaaaa,10000000-0000-0000-0000-000000000015,56785678-5678-5678-5678-567890123456,100
aaaa0021-aaaa-aaaa-aaaa-aaaaaaaaaaaa,10000000-0000-0000-0000-000000000016,67896789-6789-6789-6789-678901234567,1
aaaa0022-aaaa-aaaa-aaaa-aaaaaaaaaaaa,10000000-0000-0000-0000-000000000017,78907890-7890-7890-7890-789012345678,50
aaaa0023-aaaa-aaaa-aaaa-aaaaaaaaaaaa,10000000-0000-0000-0000-000000000019,89018901-8901-8901-8901-890123456789,500
aaaa0024-aaaa-aaaa-aaaa-aaaaaaaaaaaa,10000000-0000-0000-0000-000000000019,90129012-9012-9012-9012-901234567890,20
aaaa0025-aaaa-aaaa-aaaa-aaaaaaaaaaaa,10000000-0000-0000-0000-000000000020,00000000-0000-0000-0000-000000000000,1